RID,label,AGE,PTEDUCAT,PTGENDER,MMSCORE,APOE4,stage1_prob,escalated,pT217_F,AB42_AB40_F,NfL_Q,GFAP_Q,prob,HIPPO_NORM,VENTRICLE_NORM,CORTICAL_THICKNESS_AVG,TOTAL_WMH
2,1,74.0,16.0,0,28.0,0,0.5592675,1,0.199,0.0861,14.9,94.6,0.94058233,0.004131800955277056,0.05838122345177361,3.2024999999999997,4.686
8,1,84.0,18.0,1,28.0,0,0.5892275,1,0.152,0.094088288,26.6,141.1,0.8291233,0.004062182962135609,0.014563748211899787,3.0149999999999997,4.686
15,1,81.0,18.0,0,29.0,1,0.643037,1,0.291,0.099,29.8,106.3,0.75003433,0.004483726652998446,0.0221157919454669,3.23,4.686
41,1,71.0,14.0,1,25.0,2,0.58070934,1,0.267,0.0705,23.4,233.3,0.6113766,0.003171889097181029,0.024885471964919238,3.009,4.686
69,1,73.0,16.0,0,28.0,0,0.5592675,1,0.367,0.0612,27.3,158.7,0.82086104,0.0049297756177406095,0.018936799571914603,3.246,12.4512
101,1,74.0,18.0,0,27.0,2,0.6963323,1,0.754,0.073,23.9,244.4,0.71976304,0.003907462995326248,0.03602504400749018,3.1015,4.686
108,1,79.0,18.0,0,27.0,1,0.6963323,1,0.606,0.083884167,33.4,257.3,0.70191324,0.004593497531877881,0.019048379591626478,3.604,4.686
142,1,80.0,14.0,0,29.0,1,0.64487386,1,0.358,0.0774,42.7,348.5,0.5993562,0.004376852121315972,0.027415349183892584,3.8415,4.686
161,1,80.0,20.0,0,28.0,1,0.6963323,1,0.712,0.0774,46.8,221.6,0.92109275,0.005030291162177827,0.012585611838748177,3.184,4.686
166,1,73.0,18.0,1,30.0,1,0.54103124,1,0.449,0.0831,15.9,192.6,0.51079017,0.0040749930735558305,0.031400134803941986,3.0345,4.686
190,0,79.0,18.0,0,27.0,1,0.6963323,1,0.482,0.0743,24.3,315.5,0.5186396,0.0028645399606266374,0.04843405520241222,1.9845000000000002,4.686
214,1,65.0,18.0,0,27.0,2,0.63071984,1,0.499,0.066624365,18.8,93.98,0.74524796,0.004424433818474395,0.016459503451770777,2.8295000000000003,4.686
217,1,84.0,18.0,1,27.0,0,0.6222466,1,0.399,0.0799,29.9,208.1,0.8157636,0.003809325862719782,0.0197658240778064,2.9065000000000003,4.686
223,1,78.0,18.0,1,30.0,1,0.54103124,1,0.572,0.0805,30.0,391.8,0.8170314,0.004095618528185214,0.023640030914561693,2.442,4.686
229,1,75.0,16.0,1,30.0,1,0.54572034,1,0.134,0.0733,21.5,116.6,0.5955597,0.005292363280126867,0.009297064308892912,3.1485,4.686
230,1,80.0,20.0,0,29.0,0,0.53317475,1,0.369,0.0754,37.6,195.8,0.72432333,0.003636631330381113,0.02334679605891053,2.3594999999999997,4.686
232,1,78.0,20.0,0,29.0,0,0.53317475,1,0.194,0.0917,33.4,78.46,0.82838285,0.00424195609319536,0.025431525413676062,3.525,4.686
249,1,72.0,16.0,1,29.0,1,0.58798176,1,0.927,0.0833,46.9,315.5,0.7092515,0.0033065303744088774,0.02423740603895778,1.7614999999999998,4.686
256,1,70.0,20.0,0,27.0,2,0.6935486,1,0.619,0.082358294,26.4,298.1,0.804005,0.0036931669990938683,0.023226172100245236,3.074,4.686
269,1,67.0,16.0,0,28.0,1,0.63631,1,0.699,0.063694894,22.8,281.4,0.6507291,0.0038408188918741103,0.027967075057197224,2.9045,4.686
293,1,88.0,12.0,0,25.0,1,0.6075456,1,0.322,0.0748,42.9,294.6,0.72099364,0.003714140971465863,0.024189913024936463,3.5735,4.686
326,1,77.0,16.0,0,27.0,0,0.5943282,1,0.142,0.085843502,25.3,129.5,0.55447924,0.003055911994735331,0.03249189507710465,1.717,4.686
337,1,76.0,20.0,0,30.0,1,0.6129583,1,0.263,0.094774633,49.9,362.8,0.553342,0.004122166350962816,0.05323348881707871,3.21,0.535283
362,1,71.0,16.0,1,24.0,1,0.52267057,1,1.429,0.092896175,41.0,304.2,0.6424573,0.0035906791999815143,0.014467359320906238,2.2169999999999996,4.686
363,1,72.0,17.0,1,29.0,1,0.58525896,1,0.596,0.0823,18.3,313.1,0.63818,0.004157493309585893,0.03301358107196183,3.0575,4.686
376,1,71.0,15.0,0,28.0,0,0.5723608,1,0.296,0.084499111,26.5,77.79,0.85546976,0.004363233692333409,0.03778297366186129,3.447,4.686
378,1,69.0,16.0,1,28.0,1,0.6174946,1,0.194,0.089026748,7.31,54.95,0.7767036,0.00414683339669485,0.024984057615470016,3.136,4.686
400,0,69.0,18.0,0,26.0,0,0.54501086,1,0.902,0.083299026,25.9,267.4,0.6479795,0.0039075065027728345,0.03397548050833146,2.763,4.686
408,1,82.0,20.0,0,24.0,0,0.57102346,1,0.191,0.102654139,32.3,175.3,0.77528524,0.003857347617259295,0.045787256660907376,1.9255,4.686
448,1,86.0,17.0,0,26.0,0,0.63491684,1,0.065,0.087973209,25.1,510.7,0.4635549,0.003250206782910817,0.03729168291358358,3.3520000000000003,4.686
454,1,82.0,13.0,1,29.0,0,0.53461695,1,0.133,0.089,27.5,161.2,0.74172604,0.0048065016551186715,0.022966787439165238,3.0709999999999997,12.7116
514,1,81.0,20.0,0,26.0,0,0.5924775,1,0.077,0.103433568,29.7,220.6,0.6732963,0.0036600898114555465,0.05277294346922815,2.8105,4.686
518,1,69.0,20.0,0,29.0,2,0.6400174,1,0.399,0.073223481,8.01,63.92,0.9148053,0.004350064585213339,0.012246781125106817,3.2175000000000002,4.686
520,1,78.0,16.0,1,30.0,2,0.54572034,1,0.099,0.1196,5.7,68.0,0.91889894,0.0049707154946483775,0.012182177480088444,3.593,4.686
546,0,80.0,16.0,0,28.0,1,0.6979518,1,0.35,0.0918,36.3,116.4,0.580526,0.005553114948633177,0.016900547415292757,3.1505,4.686
548,1,74.0,12.0,1,29.0,1,0.5880643,1,0.408,0.1152,18.9,173.3,0.54920155,0.004697927152269918,0.008926963543221873,3.2195,4.686
555,1,77.0,16.0,0,28.0,1,0.6979518,1,0.285,0.079,25.3,325.1,0.7547517,0.0045965278778847775,0.04018139952644701,3.5205,16.3476
558,1,80.0,19.0,0,29.0,0,0.53317475,1,0.276,0.1359,37.8,129.4,0.84443885,0.0038848389820593967,0.02731728847493373,2.9640000000000004,4.686
563,1,81.0,18.0,0,26.0,0,0.5924775,1,0.112,0.085809043,25.3,151.0,0.63154304,0.003907932772570365,0.03258865587902345,2.568,4.686
567,1,74.0,16.0,0,28.0,1,0.6979518,1,0.656,0.077043127,34.6,235.0,0.8519797,0.0031365626724944398,0.06141523335054605,1.7650000000000001,4.686
572,1,79.0,14.0,0,26.0,2,0.6332071,1,1.051,0.0783,38.2,211.4,0.6878063,0.0034106074591004013,0.043098622507701384,3.3525,4.686
605,1,76.0,16.0,1,30.0,1,0.54572034,1,0.155,0.0952,22.5,215.3,0.48056203,0.004717252082507004,0.02134209060972937,3.2945,8.342
618,0,75.0,16.0,0,29.0,1,0.64479584,1,0.369,0.0821,22.3,207.5,0.5907607,0.005824849780536607,0.011549514453068375,3.4655,16.608
622,1,75.0,15.0,1,30.0,1,0.56213325,1,0.159,0.288,20.4,183.8,0.86794,0.0038967717255529635,0.02932100369052342,3.0244999999999997,4.686
626,1,83.0,16.0,0,25.0,0,0.6093011,1,0.923,0.0732,92.4,592.2,0.92413384,0.0038935043398696935,0.017583197494136057,2.8765,3.45598
649,1,87.0,20.0,0,26.0,1,0.63134444,1,0.767,0.068538806,76.7,338.9,0.89664435,0.0032507091005248294,0.024654306985590818,2.1015,4.686
680,1,78.0,8.0,0,28.0,0,0.59441036,1,0.061,0.1119,14.0,119.7,0.62954503,0.004515983409548189,0.022001486511239482,3.2725,1.421
702,1,85.0,16.0,0,27.0,1,0.6979518,1,0.381,0.07742005,38.0,205.2,0.7671544,0.004022018530376316,0.05485236750131684,2.2415000000000003,4.686
751,1,71.0,16.0,0,27.0,0,0.55602854,1,0.454,0.0155,19.2,196.6,0.72368145,0.004274069361213341,0.04756859468459437,3.1675,1.98
752,1,82.0,16.0,1,24.0,1,0.56524765,1,0.538,0.0764,32.0,234.7,0.62323594,0.0033233592302692777,0.02630757679396575,2.146,4.686
778,1,72.0,13.0,0,28.0,1,0.6980236,1,0.232,0.0778,26.8,304.1,0.6961722,0.004547866221032683,0.018379031438850647,3.4885,7.87693
779,1,79.0,13.0,0,28.0,1,0.6980236,1,0.223,0.0737,18.2,204.9,0.6575229,0.004578567823913565,0.023328928054048258,3.4604999999999997,4.686
830,1,71.0,16.0,0,29.0,1,0.64178276,1,0.335,0.0755775,23.5,260.1,0.74702686,0.003951319088737416,0.020175764812920764,2.113,4.686
834,1,64.0,13.0,0,26.0,1,0.56063586,1,0.373,0.092283316,33.0,252.4,0.81003153,0.004382735500626317,0.0296373226073148,2.8120000000000003,4.686
842,1,73.0,18.0,0,28.0,1,0.6963323,1,0.4,0.0501,27.0,220.9,0.7890346,0.004588610664680788,0.021947029108941807,3.2855,4.686
843,1,70.0,16.0,0,28.0,0,0.5469124,1,0.311,0.092092322,23.1,273.7,0.68938327,0.004522812797413634,0.043280585422244396,2.9379999999999997,4.686
861,1,87.0,16.0,0,24.0,2,0.5379444,1,0.986,0.078577477,85.5,452.2,0.87221044,0.0038636238083878337,0.03607597269797852,2.801,4.686
883,1,76.0,16.0,1,29.0,1,0.58798176,1,0.14,0.1006,16.5,111.3,0.6923329,0.004678203912450074,0.02348125967013878,2.6795,4.686
892,1,74.0,12.0,1,28.0,1,0.6450364,1,1.781,0.0811,43.4,494.3,0.9355184,0.004463105788474137,0.023253267290987235,3.1355,4.686
898,1,83.0,12.0,1,29.0,0,0.53461695,1,0.13,0.1874,31.0,144.2,0.828634,0.0037651101580686284,0.020995771357813466,2.9800000000000004,4.686
914,1,75.0,12.0,0,30.0,1,0.61485726,1,0.241,0.079598796,20.9,176.6,0.76517564,0.0037700258856953254,0.020756181595349008,2.635,61.0202
920,1,80.0,12.0,1,30.0,1,0.5458048,1,0.273,0.0556,28.6,238.9,0.73552257,0.004176545980912093,0.030356673357027682,3.1835,4.686
972,1,78.0,16.0,0,30.0,1,0.61477655,1,0.208,0.0849,27.7,206.6,0.5387871,0.005258563408313919,0.014136582019171852,3.1795,5.64
978,1,73.0,12.0,0,29.0,1,0.64487386,1,0.34,0.0852425,47.4,215.5,0.6084446,0.0038347632901277093,0.02112853599278231,2.8735,4.686
984,1,76.0,14.0,0,30.0,1,0.61485726,1,0.412,0.0664,21.3,256.2,0.7058648,0.004427163868060299,0.0412166711572509,3.0934999999999997,4.686
985,1,81.0,14.0,0,30.0,1,0.61485726,1,0.202,0.090163638,27.9,130.4,0.7504275,0.004396088254766451,0.02909005248619702,3.3875,4.686
1009,1,76.0,16.0,0,28.0,2,0.6979518,1,0.196,0.0844,18.4,183.6,0.8194951,0.003977788814102185,0.028716284754220646,3.4875,4.686
1032,1,84.0,18.0,0,27.0,1,0.6963323,1,0.259,0.088421922,31.6,218.6,0.8167021,0.003624124372458026,0.08037114585430391,3.2945,4.686
1063,1,78.0,19.0,1,29.0,1,0.58339584,1,0.227,0.0859,19.0,266.6,0.64112043,0.00453977929183098,0.02573472426327035,3.0205,4.686
1070,1,73.0,14.0,0,25.0,0,0.53233904,1,1.017,0.0822,29.6,212.6,0.63195485,0.0050979015673334885,0.02379726051273069,3.582,4.686
1078,1,71.0,16.0,0,27.0,2,0.6951765,1,0.443,0.0743,12.7,84.1,0.9112424,0.004607971163283667,0.012492474876665695,2.9455,2.7408
1080,1,81.0,19.0,0,28.0,0,0.5924775,1,0.291,0.069769747,29.4,252.8,0.7377489,0.004119752267754927,0.0180204451791679,3.052,4.686
1098,1,72.0,15.0,1,29.0,1,0.60397583,1,0.195,0.0615,13.8,113.5,0.81136626,0.005286427940450376,0.012129738446850225,3.568,2.182
1116,1,83.0,18.0,0,27.0,2,0.6963323,1,0.391,0.074291206,37.5,186.4,0.68855983,0.0035817700880188355,0.039071009858884426,2.392,4.686
1123,1,76.0,16.0,1,30.0,1,0.54572034,1,0.281,0.0814,16.4,189.5,0.7430169,0.005231954979586742,0.01281159740370807,2.9295,4.686
1126,1,80.0,18.0,0,26.0,0,0.5924775,1,0.178,0.0779,30.7,86.0,0.6628791,0.003173434106987565,0.03162657773151414,2.239,4.686
1135,1,76.0,14.0,0,27.0,1,0.6980236,1,1.102,0.0783,22.3,131.2,0.50863075,0.0037674421168168524,0.02819986437424463,3.097,4.686
1194,1,85.0,18.0,0,30.0,0,0.5437801,1,0.104,0.1155,24.4,148.4,0.869047,0.0036861181252064498,0.028528821301297726,2.849,8.556
1200,1,85.0,16.0,0,30.0,0,0.5456824,1,0.14,0.1144,19.1,62.67,0.94043165,0.004146369391817551,0.03491508040652707,3.598,4.686
1202,1,78.0,18.0,0,28.0,0,0.5924775,1,0.438,0.0898,21.7,305.5,0.7289498,0.0033689045971343327,0.03208001073978655,2.5309999999999997,4.8912
1203,1,84.0,15.0,0,30.0,0,0.5620955,1,0.157,0.09578037,19.9,187.8,0.8732608,0.005094599237995585,0.022157020605081294,3.2220000000000004,2.5824
1224,1,82.0,16.0,0,26.0,0,0.63491684,1,1.289,0.0812,57.9,329.4,0.85206723,0.0038898951868787013,0.05260654936859054,2.7119999999999997,4.686
1249,1,71.0,15.0,1,30.0,1,0.5329025,1,0.657,0.1236,24.4,235.9,0.9336021,0.0050780601591569234,0.01209161870787533,3.2285,4.686
1271,1,72.0,16.0,0,27.0,1,0.6979518,1,0.481,0.086462242,23.7,184.0,0.862166,0.003972852821301301,0.05172193752717332,2.7955,4.686
1282,1,77.0,12.0,1,26.0,0,0.5813037,1,0.622,0.081536529,31.8,436.4,0.86312115,0.0032653311083236936,0.027852077761563135,2.4285,9.7116
1357,0,71.0,18.0,0,30.0,1,0.6098386,1,1.109,0.1083,20.0,231.5,0.5435621,0.004584958502187259,0.03367536254239443,3.0495,4.686
1384,0,72.0,16.0,0,25.0,2,0.6074643,1,0.828,0.079911041,19.6,274.9,0.4675955,0.0038388730752064552,0.037031042258594916,2.7455,4.686
1393,1,83.0,18.0,0,27.0,0,0.633137,1,0.528,0.077672547,64.8,549.6,0.78769755,0.0033132953533883563,0.04086555565615505,2.216,4.686
2190,0,83.0,20.0,0,28.0,0,0.633137,1,0.513,0.072749145,21.5,238.3,0.6377256,0.005181503613382819,0.032395387159644115,3.5244999999999997,2.1336
2336,0,73.0,12.0,1,30.0,1,0.5458048,1,1.125,0.0834,26.4,315.5,0.5941366,0.005999922535343334,0.02468965758291761,2.8754999999999997,1.17213
4014,0,81.0,16.0,0,29.0,0,0.5350835,1,0.46,0.0858,24.5,259.5,0.5272878,0.004849025428111198,0.03407182234054355,2.9909999999999997,3.1344
4058,1,85.0,16.0,1,29.0,1,0.5925106,1,2.432,0.083914172,42.8,379.3,0.6145107,0.0052062936712717065,0.021279283826347015,2.6790000000000003,4.6848
4071,1,85.0,13.0,0,24.0,0,0.5729848,1,0.092,0.0736,19.2,186.2,0.7244699,0.003239745905243606,0.039498427442304015,3.213,73.5024
4081,1,73.0,15.0,1,28.0,1,0.6600195,1,0.748,0.078847442,23.0,192.95,0.49385992,0.005525454310639996,0.023936270598748696,3.4695,4.38157
4092,1,82.0,14.0,1,29.0,0,0.53461695,1,0.644,0.0701,35.2,317.2,0.653371,0.004829169559606293,0.029428839477921218,3.168,13.3083
4100,1,79.0,12.0,1,28.0,0,0.5473094,1,0.216,0.0814,26.6,197.6,0.4915085,0.004976765348328328,0.03878664124912154,3.2155,56.022
4121,1,89.0,16.0,0,27.0,0,0.63491684,1,0.183,0.0925,14.8,86.1,0.93910277,0.005814156554799679,0.030809031947762053,3.0545,4.0511
4131,1,82.0,18.0,0,24.0,1,0.5360372,1,0.695,0.0851,51.8,230.4,0.7496124,0.003768553067249163,0.02554553303990309,2.6710000000000003,79.878
4138,1,88.0,14.0,1,26.0,0,0.6267582,1,0.119,0.1073,28.3,135.3,0.6244019,0.0038783223903046046,0.030163220930513376,1.9445000000000001,27.5052
4149,1,73.0,14.0,0,24.0,1,0.5380291,1,0.619,0.0757,34.5,239.2,0.7949219,0.004801961071220595,0.021826927610473182,3.356,15.3213
4158,0,84.0,18.0,0,30.0,0,0.5437801,1,0.381,0.078803393,59.9,191.8,0.7357402,0.004794380466423643,0.02641536071276292,2.9509999999999996,1.42694
4162,1,71.0,16.0,1,26.0,2,0.58062637,1,0.892,0.0792,32.9,370.4,0.8183996,0.004947453373377979,0.029576817348528957,3.1189999999999998,2.98046
4179,1,83.0,20.0,0,30.0,2,0.6129583,1,0.371,0.0881,17.4,133.5,0.84474003,0.004810111615205886,0.03685076573032353,3.2975,24.4584
4198,1,78.0,16.0,1,30.0,1,0.54572034,1,0.298,0.0859,15.2,190.5,0.7306185,0.0056335446142356,0.03156845197529174,3.044,2.44576
4218,1,81.0,16.0,0,29.0,0,0.5350835,1,0.213,0.1092,20.7,230.0,0.7229509,0.00461711527566795,0.03839478848981608,3.378,4.8756
4225,1,70.0,20.0,0,28.0,1,0.6935486,1,0.501,0.0815,16.6,218.4,0.9009788,0.004777172311006419,0.021644402283570514,3.691,2.1252
4240,1,71.0,20.0,0,28.0,2,0.6935486,1,0.501,0.079041119,23.4,210.0,0.8935359,0.0038601768056975364,0.024566709242764283,2.613,10.1024
4243,1,79.0,18.0,0,27.0,0,0.5924775,1,0.637,0.0773,42.5,285.2,0.82591,0.0035654934085540438,0.03885606798650704,2.2045000000000003,25.4634
4254,1,86.0,12.0,1,26.0,0,0.6267582,1,0.152,0.0884,27.9,247.2,0.74951607,0.0035121087211878368,0.01578005585953544,2.5765000000000002,16.7317
4263,1,74.0,20.0,0,27.0,1,0.6963323,1,0.418,0.076283564,15.5,164.4,0.76609707,0.004100358941716254,0.03880261670117654,3.29,0.795564
4270,1,74.0,16.0,1,28.0,1,0.6449583,1,0.316,0.0938,15.6,97.4,0.8589491,0.004333073868817257,0.023765811110106595,3.49,3.75757
4278,1,75.0,14.0,0,27.0,1,0.6980236,1,0.19,0.0848,14.2,126.2,0.72143567,0.0038139713925047065,0.03692171530761043,3.231,6.1488
4279,0,83.0,16.0,0,30.0,0,0.5456824,1,0.101,0.1065,31.9,138.6,0.55970895,0.005567976160077432,0.03248325199664604,3.018,6.30996
4290,1,73.0,20.0,0,29.0,1,0.643037,1,0.225,0.0856,27.6,196.1,0.5422977,0.0041830284177338806,0.03028796972226689,3.211,110.409
4294,1,75.0,16.0,1,28.0,1,0.6449583,1,0.726,0.0609,23.0,192.95,0.60194653,0.0041855770966278336,0.03056213197846348,2.654,1.2432
4324,1,63.0,14.0,1,27.0,1,0.5813855,1,0.743,0.0709,23.1,427.0,0.8415667,0.004625550075895473,0.038514281998910216,3.133,4.668
4327,0,83.0,12.0,0,29.0,2,0.64487386,1,0.868,0.0758,36.0,483.9,0.86939263,0.003060750796764496,0.020914882749411258,3.1414999999999997,11.8575
4337,1,72.0,12.0,0,26.0,0,0.5593515,1,0.104,0.104,23.7,163.0,0.5667108,0.005563788643383154,0.03444316779524017,3.4965,5.01899
4365,1,80.0,20.0,0,29.0,0,0.53317475,1,0.141,0.0805,17.1,66.76,0.7606879,0.004823084256261912,0.03647513729112744,3.357,7.27087
4366,1,73.0,16.0,0,26.0,1,0.633128,1,0.68,0.094497459,32.2,211.0,0.7904786,0.0036367368667430252,0.04902221451746611,2.8665000000000003,8.27066
4387,0,76.0,16.0,1,29.0,1,0.58798176,1,0.251,0.078691742,17.6,320.3,0.6273499,0.005231295317045434,0.025884611310817214,3.426,5.46706
4400,1,71.0,20.0,0,30.0,1,0.6098386,1,0.396,0.1053,23.0,266.4,0.6239682,0.005502889113979205,0.014255970931536964,3.3259999999999996,0.1248
4415,1,75.0,13.0,1,28.0,2,0.6450364,1,1.12,0.0751,27.8,484.1,0.79497063,0.004738926182497452,0.009279784683921823,2.9299999999999997,5.6796
4430,1,80.0,15.0,0,24.0,0,0.5470227,1,0.881,0.0724,112.0,735.1,0.94705254,0.003475983353823053,0.034774361048428744,2.2055,4.9644
4474,1,86.0,18.0,0,28.0,0,0.633137,1,0.551,0.07066872,28.3,388.2,0.7353164,0.003959837063601594,0.04241018771059018,2.8825,9.054
4499,1,84.0,20.0,0,28.0,0,0.633137,1,0.123,0.1131,22.9,81.5,0.4953609,0.005550982026923004,0.02194493337201953,3.367,13.8081
4546,0,71.0,20.0,0,25.0,1,0.6024933,1,0.396,0.080999122,16.6,238.6,0.70222944,0.003943054636039087,0.042640655347097274,3.249,7.656
4566,1,84.0,12.0,1,29.0,1,0.59259284,1,0.133,0.0868,16.8,321.4,0.93169045,0.005151987308580984,0.018720601730662718,3.1790000000000003,5.166
4577,1,85.0,20.0,0,29.0,2,0.643037,1,0.29,0.0838,21.9,264.5,0.5171173,0.0044114531294756594,0.021402518693847062,2.5115,6.0216
4579,1,85.0,12.0,0,30.0,0,0.54576683,1,0.227,0.0855,28.5,149.5,0.8375158,0.004826061740999174,0.027064998455660544,3.1254999999999997,2.2224
4595,1,77.0,16.0,0,26.0,0,0.5943282,1,0.255,0.1023,18.4,72.0,0.8529126,0.0048049440631644565,0.030285026760260948,2.979,0.9336
4631,1,70.0,20.0,0,28.0,0,0.54501086,1,0.902,0.077,19.9,255.6,0.86633754,0.00531427213959436,0.01815960218635018,3.385,0.408
4652,1,80.0,20.0,0,26.0,0,0.5924775,1,0.442,0.0841,22.9,225.3,0.6492024,0.005278630583656514,0.02314776326913631,3.0294999999999996,11.0171
4659,1,86.0,17.0,0,28.0,2,0.6979518,1,0.501,0.0862,24.9,246.8,0.5676165,0.004543087970671356,0.03131783848569871,3.1574999999999998,19.7975
4675,1,80.0,12.0,0,25.0,1,0.6075456,1,0.534,0.079844477,35.8,223.0,0.5698872,0.004830356109157616,0.03509223745204866,2.6895,25.6161
4713,1,71.0,20.0,0,30.0,1,0.6098386,1,0.279,0.068979417,21.6,389.2,0.89325285,0.005854954281520088,0.016121772552158454,3.3594999999999997,5.4492
4721,1,86.0,15.0,0,28.0,0,0.65017295,1,0.354,0.0837,41.2,223.5,0.6491979,0.0048971628069567836,0.055369159657230355,3.129,13.9798
4765,1,76.0,16.0,0,26.0,1,0.633128,1,0.274,0.076028305,27.0,98.83,0.802294,0.004457518321186794,0.01364491913388863,3.1014999999999997,6.86257
4782,1,72.0,16.0,0,28.0,2,0.6979518,1,0.361,0.0685,23.0,192.95,0.5216078,0.0044105817357031766,0.02671101815683755,3.403,4.77
4796,1,73.0,16.0,1,25.0,0,0.5458928,1,0.577,0.079948116,16.6,220.9,0.5791948,0.004712815549681,0.0239898397764834,2.7220000000000004,24.09
4802,0,83.0,19.0,0,26.0,1,0.63134444,1,0.744,0.072558248,26.1,141.6,0.60049564,0.004773938425927964,0.04073435351471915,2.2735000000000003,14.9652
4805,0,72.0,20.0,1,28.0,1,0.640619,1,0.462,0.0933,36.2,175.9,0.523975,0.0041974833699156425,0.019511157536854902,3.125,3.3371
4809,0,78.0,12.0,0,24.0,1,0.5380291,1,0.294,0.086,29.6,195.6,0.5023015,0.005169548665313064,0.03891669730421257,3.0564999999999998,25.662
4815,1,70.0,12.0,1,24.0,2,0.5227556,1,0.799,0.0669,17.8,306.4,0.6674354,0.004012606589660577,0.010301148018933075,3.3765,11.2488
4855,1,84.0,14.0,0,27.0,1,0.6980236,1,0.146,0.0784,32.5,148.9,0.77237135,0.004968668423488349,0.025146920555232752,3.286,19.6956
4868,0,77.0,12.0,0,27.0,2,0.6980236,1,0.525,0.066574923,32.0,257.9,0.47398633,0.004278309725075737,0.018214982208708614,2.715,6.4044
4876,0,74.0,20.0,0,30.0,1,0.6129583,1,0.218,0.0745,27.8,179.1,0.49611735,0.003961954263763914,0.026650508278774288,2.939,34.5876
4936,1,78.0,19.0,0,27.0,0,0.5924775,1,0.134,0.080413691,14.3,67.74,0.7671156,0.005406381258326673,0.022533030485829778,3.388,21.82
4944,1,68.0,14.0,0,29.0,1,0.5789347,1,0.656,0.082,44.6,285.6,0.85074806,0.006634821249009876,0.013257260346249841,3.1545,2.28238
5083,0,74.0,16.0,0,28.0,2,0.6979518,1,0.196,0.077535292,22.0,295.2,0.4994659,0.006787250168525814,0.01954838869363868,3.3890000000000002,12.7548
5096,1,81.0,20.0,0,28.0,1,0.6963323,1,0.238,0.0834,19.7,143.5,0.7782866,0.004423774444790862,0.03064456030180392,3.284,2.796
5109,1,79.0,14.0,0,27.0,0,0.59441036,1,0.454,0.069211962,70.6,490.7,0.8980279,0.0029807640403154002,0.022069948180163848,3.637,12.4281
5178,1,69.0,18.0,0,27.0,0,0.54501086,1,0.278,0.0688,25.5,166.5,0.7532254,0.005035543081202531,0.014756744956739908,3.4135,1.0356
5207,1,75.0,14.0,0,28.0,0,0.5593515,1,0.073,0.0923,17.1,71.4,0.8013389,0.004955885502656749,0.028688790002551156,3.0395,6.61947
5219,1,76.0,16.0,0,24.0,1,0.5379444,1,0.169,0.0911,11.3,68.7,0.84263885,0.004806560230943321,0.00925952218259451,3.259,6.52656
5227,1,71.0,18.0,0,30.0,1,0.6098386,1,0.362,0.0714,17.4,225.3,0.5158876,0.005290823322570357,0.02070972711225785,3.5620000000000003,6.3264
5237,1,79.0,19.0,0,29.0,1,0.643037,1,0.357,0.0812,28.2,155.6,0.65072584,0.004891030311877383,0.023453933316618016,2.8890000000000002,7.00061
5253,1,68.0,18.0,0,30.0,1,0.531953,1,0.042,0.0973,9.7,61.4,0.6253617,0.0053096158336615445,0.0153500290748044,3.112,2.0604
5273,1,90.0,20.0,0,30.0,0,0.5437801,1,0.229,0.0725,24.2,107.6,0.8313071,0.004498816705079013,0.036805391454794036,3.2935,1.0612
5277,1,72.0,15.0,1,28.0,1,0.6600195,1,0.276,0.0868,16.9,143.1,0.7851151,0.0058322369057409095,0.020945075984743114,3.0165,2.43091
5282,1,67.0,17.0,0,29.0,1,0.5788517,1,0.327,0.0794,22.2,195.5,0.5970926,0.005614317732514728,0.027585834215927266,3.4429999999999996,4.5564
5294,1,68.0,18.0,0,30.0,1,0.531953,1,0.09,0.0925,12.7,88.7,0.56229246,0.006627493909010584,0.01584878466875427,3.415,1.40825
6007,1,77.0,19.0,1,29.0,2,0.58339584,1,0.224,0.0764,21.1,186.0,0.6403451,0.005017786615549978,0.01540908968860399,3.255,10.6347
6009,1,68.0,16.0,0,29.0,1,0.5788517,1,0.111,0.0857,12.2,100.8,0.62300134,0.005947069771964202,0.016981628170050094,3.377,0.933052
6034,1,64.0,14.0,1,27.0,1,0.5813855,1,0.564,0.0749,24.0,162.0,0.68196225,0.004507795596421008,0.012917732150553191,2.9059999999999997,0.351
6052,0,88.0,16.0,1,25.0,1,0.61351097,1,0.349,0.0692,39.7,276.2,0.48166862,0.004665201261540307,0.029454481176149367,3.075,44.1725
6068,1,76.0,12.0,0,27.0,1,0.6980236,1,0.231,0.0814,15.8,128.0,0.7021007,0.004711574025035145,0.019905558450685635,2.7785,4.06859
6133,1,69.0,16.0,1,29.0,1,0.5591233,1,0.187,0.0808,13.9,208.3,0.53209907,0.005323459098493129,0.009969474595335415,2.965,0.85
6175,1,70.0,18.0,1,28.0,1,0.61302096,1,0.355,0.0722,17.8,286.3,0.58606523,0.0055118435553285095,0.011474073238043236,3.209,0.49
6180,0,87.0,16.0,0,29.0,0,0.57738465,1,0.164,0.112,29.2,149.2,0.50980747,0.003975134039612771,0.018906915806944858,2.7889999999999997,4.271
6186,0,91.0,12.0,0,29.0,0,0.5774678,1,0.36,0.0875,38.0,225.2,0.5616216,0.005720072623310385,0.020096761651893936,3.125,4.886
6199,1,70.0,16.0,0,28.0,2,0.6951765,1,0.901,0.0835,23.0,223.9,0.47725,0.004800659391131203,0.048130215208646,2.7295,1.806
6211,0,81.0,14.0,0,27.0,0,0.59441036,1,0.141,0.1059,25.2,148.5,0.60478026,0.004151627554109172,0.01942554040158493,3.301,6.517
6216,0,84.0,20.0,0,24.0,2,0.5360372,1,0.777,0.0846,33.4,276.8,0.49706477,0.003764310662963536,0.042007061631278375,2.474,7.901
6221,0,75.0,17.0,0,28.0,1,0.6979518,1,0.158,0.1036,17.2,92.0,0.6844116,0.004541981995419597,0.03203982459285075,2.9275,2.066
6222,1,74.0,12.0,1,28.0,1,0.6450364,1,0.366,0.0728,35.3,330.5,0.5467096,0.005123117981711317,0.026284254821041814,3.447,8.159
6234,0,71.0,16.0,1,27.0,1,0.64959276,1,0.229,0.1036,21.7,223.3,0.58893085,0.005114940583715578,0.015773121124995893,3.1390000000000002,1.785
6236,1,83.0,18.0,0,28.0,0,0.633137,1,0.172,0.0756,16.2,86.9,0.7630002,0.0033925133839162783,0.029228163648460603,2.309,0.153
6241,1,72.0,20.0,1,26.0,0,0.5412039,1,0.681,0.0803,31.8,401.0,0.9591285,0.004813960132203814,0.03863781370424372,3.101,5.02579
6252,1,75.0,18.0,1,27.0,1,0.67180806,1,1.342,0.0841,31.9,332.1,0.7467649,0.004649501614230415,0.030633641328579375,3.0975,2.652
6254,1,69.0,14.0,0,28.0,2,0.6952487,1,0.119,0.0842,10.5,57.6,0.7112391,0.0059345649937128766,0.017734681639455116,3.1615,2.097
6268,0,70.0,20.0,0,29.0,2,0.6400174,1,0.649,0.0664,22.8,274.0,0.49955198,0.0046855037351746336,0.02415431051375102,3.1675,0.233
6279,1,89.0,20.0,0,26.0,0,0.633137,1,0.241,0.0952,33.2,249.8,0.7130678,0.003904092159673767,0.038700414020302984,2.5725,11.054
6288,0,73.0,19.0,1,30.0,1,0.54103124,1,0.498,0.077,29.8,246.0,0.57493246,0.005546481348714339,0.0329206505157126,2.9370000000000003,2.795
6294,0,83.0,16.0,0,28.0,0,0.63491684,1,0.284,0.089,15.3,150.5,0.52120095,0.004616158555302915,0.049328344393066575,2.9935,2.59
6312,1,80.0,18.0,0,28.0,1,0.6963323,1,0.598,0.0807,32.9,446.1,0.911635,0.00494462359403454,0.029607630236835086,3.1875,18.4492
6316,0,78.0,16.0,1,30.0,1,0.54572034,1,0.235,0.0809,25.0,319.5,0.47403666,0.0056628723546383085,0.020466826947565016,3.3525,0.57665
6327,1,77.0,16.0,1,29.0,1,0.58798176,1,0.319,0.0944,20.5,178.3,0.6459934,0.005336642365889793,0.010911715838220723,3.197,1.83
6328,0,70.0,17.0,0,29.0,1,0.64178276,1,0.288,0.0743,19.6,219.8,0.5496043,0.005086331836651759,0.01321953940928621,2.917,1.938
6330,1,70.0,16.0,0,28.0,1,0.6951765,1,0.922,0.0823,25.1,289.6,0.8384854,0.006193450630473331,0.026843644683720542,3.4995000000000003,4.26224
6333,1,78.0,16.0,0,30.0,1,0.61477655,1,0.319,0.0875,15.4,119.7,0.7066641,0.004694481349740102,0.03610560791546905,3.1319999999999997,6.648
6345,1,79.0,12.0,0,28.0,1,0.6980236,1,1.022,0.0774,26.3,198.2,0.6516176,0.004155443502464875,0.030571686779728977,2.569,1.254
6350,1,78.0,14.0,1,27.0,0,0.5813037,1,0.306,0.0984,9.8,126.0,0.5737118,0.005804670259670129,0.017710355000312972,3.3245,4.802
6352,1,72.0,20.0,0,30.0,1,0.6129583,1,0.136,0.0995,8.4,59.5,0.8617644,0.0048866512602906064,0.0257668904470927,3.0675,0.154
6360,0,68.0,12.0,0,29.0,1,0.5789347,1,0.196,0.0809,9.7,60.3,0.825066,0.005828459851850485,0.013768006973499617,3.2355,0.873
6377,0,82.0,14.0,1,29.0,1,0.59259284,1,0.446,0.0825,24.2,242.4,0.644079,0.00472528153770139,0.0220029596651737,2.5455,8.408
6467,1,71.0,13.0,1,27.0,0,0.5165955,1,0.464,0.0785,18.2,300.9,0.6837279,0.003770951512681128,0.014730804439778629,2.3785,6.298
6470,0,69.0,18.0,0,30.0,1,0.5970132,1,0.07,0.0945,13.8,76.7,0.47009194,0.00508527205691599,0.022187500582266192,3.3165,0.526
6493,0,79.0,19.0,0,28.0,1,0.6963323,1,0.159,0.0728,17.8,75.6,0.5715987,0.0038734553226497936,0.0279083372369147,3.5015,10.113
6497,1,67.0,20.0,0,28.0,1,0.634533,1,0.199,0.0742,12.8,107.7,0.8123935,0.0055006674289879934,0.016665091886463233,3.3205,1.647
6498,0,79.0,18.0,0,28.0,2,0.6963323,1,0.325,0.0761,20.6,170.4,0.5001078,0.005282123804398191,0.011834493928325102,3.3625,14.735
6512,0,78.0,14.0,0,27.0,1,0.6980236,1,0.356,0.0753,27.1,195.8,0.57283866,0.005700808904376564,0.027884279354268543,3.0679999999999996,1.74601
6516,0,76.0,15.0,0,26.0,0,0.57557166,1,0.097,0.1046,25.6,132.5,0.55030257,0.005019986202870171,0.034781451229634365,2.917,1.814
6535,1,78.0,17.0,0,27.0,0,0.5943282,1,0.281,0.0845,25.8,289.7,0.6202853,0.005183598024876196,0.019690164026958626,2.7815,4.13
6541,1,82.0,18.0,1,29.0,0,0.52982706,1,0.129,0.0814,27.2,181.3,0.7520244,0.00448840624680517,0.05838983287596481,3.335,7.281
6551,0,73.0,14.0,1,30.0,1,0.5458048,1,0.246,0.0677,26.8,228.4,0.50739676,0.0052375847720382614,0.01911765029236913,3.0635000000000003,1.048
6575,1,73.0,20.0,0,28.0,0,0.55737597,1,0.243,0.0783,19.5,145.3,0.8020076,0.0047807705619259365,0.030926442761336603,3.292,8.949
6604,1,85.0,15.0,0,29.0,0,0.5935057,1,0.205,0.0802,20.5,157.0,0.8260256,0.00503822430630362,0.026334998657497465,3.119,9.57
6606,0,73.0,16.0,1,26.0,1,0.60906154,1,0.818,0.0754,25.7,130.1,0.47571704,0.00426980741971982,0.023918036083840355,2.738,2.028
6618,1,84.0,12.0,0,26.0,1,0.6332071,1,0.806,0.0914,26.7,222.9,0.7304186,0.004844789112477335,0.04345206513425579,2.9195,10.324
6619,0,72.0,12.0,0,27.0,0,0.5593515,1,0.213,0.0771,40.7,287.2,0.5368538,0.005034126671896205,0.03685534701558554,3.1255,3.936
6634,1,80.0,16.0,1,28.0,0,0.547225,1,0.521,0.0706,28.6,217.9,0.5928987,0.004317999838358754,0.030960626941844586,2.8185000000000002,0.227
6640,1,83.0,20.0,0,27.0,0,0.633137,1,0.652,0.0757,55.5,540.6,0.9251606,0.0041969731069757535,0.03939562228353382,3.005,4.761
6644,1,86.0,20.0,0,28.0,0,0.633137,1,0.294,0.0709,32.2,174.7,0.85771877,0.0048501657256895805,0.013125673322000484,2.9615,1.097
6658,0,75.0,17.0,1,27.0,1,0.67349714,1,1.038,0.0739,33.3,204.1,0.54670066,0.00343803594713329,0.03254965570599319,2.5345,0.686
6668,1,71.0,15.0,1,26.0,1,0.5967101,1,0.929,0.073,29.9,485.5,0.8803309,0.004303894649870642,0.034166419068784,3.2355,2.707
6673,0,82.0,18.0,0,29.0,0,0.5755118,1,0.37,0.0736,30.6,564.1,0.616928,0.004690917462042873,0.0531933053282464,3.1545,2.442
6679,0,76.0,14.0,0,27.0,1,0.6980236,1,0.926,0.0692,23.4,304.2,0.7057079,0.004775562169455441,0.026342385890144072,2.854,19.074
6693,1,75.0,16.0,0,25.0,2,0.6074643,1,0.44,0.0832,38.5,236.4,0.47467324,0.004458046809619647,0.018834640625116694,2.6515000000000004,11.321
6719,0,72.0,15.0,1,28.0,2,0.6600195,1,0.53,0.0837,31.0,302.0,0.5054861,0.004619313185929608,0.01941738134215864,3.4654999999999996,0.456
6724,1,76.0,17.0,0,26.0,1,0.633128,1,0.85,0.0773,30.0,421.8,0.86949986,0.004741372843956252,0.04382826096944854,2.947,15.342
6731,1,67.0,20.0,1,27.0,1,0.5825625,1,0.474,0.0786,15.3,206.6,0.8447601,0.005220260992073143,0.01329216668077897,3.3265000000000002,0.04138
6761,0,69.0,12.0,0,28.0,0,0.5469968,1,0.054,0.0985,11.0,56.8,0.7216912,0.005710868275293113,0.016467210637564608,3.5675,1.12
6770,1,84.0,19.0,1,29.0,0,0.52982706,1,0.543,0.0866,35.8,177.5,0.8446768,0.004682604094016588,0.02394732325143074,3.106,19.563
6771,0,67.0,12.0,0,26.0,1,0.56655777,1,0.484,0.0693,20.1,172.4,0.65408504,0.005395437501938738,0.02604705725106889,2.9684999999999997,0.654071
6775,0,70.0,15.0,1,26.0,1,0.5967101,1,0.351,0.0848,24.7,169.5,0.5270929,0.004589715725002135,0.013466487257731677,2.7085,3.718
6777,1,72.0,20.0,0,26.0,1,0.63134444,1,0.417,0.0826,19.7,153.3,0.7969998,0.004208764063307374,0.020550785520234365,3.081,5.943
6788,1,70.0,19.0,0,28.0,1,0.6935486,1,0.845,0.0843,21.4,257.6,0.8393496,0.004603758653763864,0.019175786405968433,2.529,3.065
6800,1,87.0,19.0,1,29.0,0,0.52982706,1,0.382,0.0738,36.5,336.3,0.5598879,0.003692019724804907,0.02989520836264394,2.4995000000000003,6.84372
6803,0,75.0,12.0,1,28.0,1,0.6450364,1,1.413,0.0876,31.1,151.2,0.54862803,0.004711546319893246,0.03111397956067865,2.46,14.402
6828,0,81.0,12.0,0,24.0,0,0.5306013,1,0.445,0.0841,18.4,165.4,0.48058483,0.004011046812657187,0.03330346499996508,3.308,118.541
6832,0,78.0,18.0,0,27.0,0,0.5924775,1,0.283,0.0843,28.3,180.1,0.6574333,0.004185566294246382,0.038009200376048116,2.7705,13.439
6840,0,68.0,12.0,1,28.0,2,0.55335087,1,0.698,0.0718,16.2,188.2,0.56020474,0.004100870932171945,0.031485989964412466,2.4625,6.014
6844,1,77.0,19.0,1,29.0,1,0.58339584,1,1.062,0.077,36.8,278.8,0.47248083,0.004012866536826567,0.02411220985345929,2.5789999999999997,4.559
6857,1,72.0,16.0,0,29.0,1,0.64479584,1,0.213,0.077010193,23.6,134.4,0.747655,0.005684288966557447,0.018581836337604348,3.157,0.422084
6860,0,75.0,14.0,0,28.0,1,0.6980236,1,0.237,0.0731,41.6,139.0,0.52239674,0.005510153876289091,0.013416712717570332,3.4055,1.94
6863,1,66.0,16.0,0,26.0,1,0.56055194,1,0.085,0.0922,20.9,159.3,0.6596228,0.004442340757331255,0.03526303816237463,2.8895,7.366
6877,0,80.0,16.0,0,29.0,0,0.5350835,1,0.356,0.0851,27.7,219.7,0.5385353,0.0037889924873121643,0.020608412191249745,2.8285,29.163
6885,1,72.0,16.0,0,25.0,1,0.6074643,1,0.514,0.086,16.4,234.5,0.7322813,0.004174495888452813,0.07254359895375506,2.5765000000000002,0.127
6887,1,73.0,14.0,1,26.0,0,0.54597723,1,0.72,0.0804,38.6,538.2,0.90832704,0.004146994026506572,0.04674580777496081,2.8775,2.067
6908,1,90.0,20.0,1,25.0,0,0.6222466,1,1.187,0.0778,73.1,550.0,0.9512766,0.0051035680581055795,0.040675373632125235,2.7439999999999998,15.644
6911,1,74.0,18.0,0,26.0,0,0.55737597,1,0.07,0.0905,50.0,185.2,0.6468273,0.003472940618402014,0.0438239229422346,2.794,11.143
6914,1,70.0,16.0,0,28.0,1,0.6951765,1,0.083,0.0987,13.6,99.2,0.65736103,0.005172650705032606,0.028506847414122044,3.1895,1.76603
6916,1,77.0,18.0,0,28.0,1,0.6963323,1,0.281,0.0748,25.4,154.5,0.6411722,0.0015678692240322517,0.023335671549227097,3.136,3.11
6940,1,73.0,18.0,0,28.0,0,0.55737597,1,0.03,0.0895,11.3,67.1,0.7533056,0.004609287806421922,0.026929174294602086,3.346,2.029
6944,0,77.0,18.0,1,27.0,0,0.5766138,1,0.45,0.0838,29.9,302.4,0.5283181,0.004693596155788165,0.022855149313448505,2.71,11.56
6964,1,78.0,16.0,1,27.0,0,0.58122075,1,0.491,0.0745,42.6,318.5,0.52817124,0.004057804576242014,0.037016989795244065,2.6865,25.958
6965,0,77.0,12.0,0,24.0,0,0.5306013,1,0.607,0.0798,27.1,466.4,0.65042704,0.003689238283815135,0.031388824583861094,2.4695,2.379
6969,1,69.0,16.0,0,30.0,1,0.5988573,1,0.369,0.0757,28.9,430.7,0.86663455,0.005520261257267494,0.0476185364479341,2.9445,3.118
6988,1,83.0,14.0,1,29.0,2,0.59259284,1,0.144,0.0835,15.4,241.2,0.82824445,0.005275623480073936,0.017811487628450383,3.1055,9.177
7000,1,89.0,16.0,1,24.0,0,0.6111874,1,0.3,0.0804,68.3,728.8,0.87135565,0.004769167930629091,0.05436822573526103,2.5205,17.227
7013,1,82.0,12.0,1,28.0,1,0.64931214,1,0.402,0.0845,27.8,177.2,0.59628594,0.004448080394345672,0.02003767205489297,2.62,5.555
7015,0,77.0,17.0,0,28.0,1,0.6979518,1,0.137,0.0902,24.6,102.5,0.48367357,0.004212449794092098,0.042530306130390716,2.8235,27.487
7024,1,74.0,20.0,0,28.0,0,0.55737597,1,0.156,0.0907,18.8,158.5,0.6336027,0.004515216025826311,0.023897300462510377,2.524,0.668
7032,1,76.0,16.0,0,27.0,0,0.5592675,1,0.807,0.0742,31.0,467.0,0.93602383,0.003677665415416525,0.028762677465441793,2.8575,5.218
7060,1,77.0,15.0,0,26.0,0,0.61023927,1,0.204,0.0834,208.0,227.0,0.7013642,0.00355085502272575,0.04207170349044865,1.767,10.961
7086,1,61.0,12.0,0,28.0,1,0.5451281,1,0.91,0.0747,21.1,157.7,0.8207572,0.005260173092682641,0.0228665359033632,2.8514999999999997,2.559
7088,1,70.0,16.0,0,27.0,1,0.6951765,1,0.785,0.0794,15.5,142.6,0.80043864,0.0042070499214038005,0.031230047903874708,2.807,0.505
7105,1,77.0,16.0,0,24.0,0,0.5305164,1,0.996,0.0733,24.9,333.6,0.6189508,0.004532067715681867,0.03961218455714371,3.1245000000000003,1.534
7123,0,81.0,14.0,1,28.0,1,0.6450364,1,0.385,0.0816,20.8,249.3,0.5814666,0.004789325737249895,0.021299870991982217,3.2595,3.657
10003,0,73.0,12.0,0,27.0,1,0.6980236,1,0.996,0.081949028,18.0,194.1,0.6432508,0.004025665376338891,0.033459121628444735,3.3979999999999997,0.743
10004,0,79.0,16.0,1,29.0,1,0.58798176,1,0.4,0.094636986,14.7,110.2,0.61723775,0.004174836749179388,0.045325464381247606,2.3789999999999996,0.495
10023,0,71.0,17.0,1,24.0,1,0.5198687,1,0.969,0.079546499,24.3,435.3,0.7156695,0.0038801439603789434,0.0160292339023996,2.635,1.208
10025,1,77.0,19.0,1,28.0,0,0.54253834,1,0.927,0.070798196,21.6,427.9,0.8511641,0.004700481520696,0.042119049334001034,3.042,1.047
10047,1,82.0,19.0,0,28.0,1,0.6963323,1,0.073,0.086801388,35.6,325.5,0.7322853,0.004994066449004676,0.04242036451022478,3.0745,0.726
10080,0,72.0,16.0,0,25.0,2,0.6074643,1,0.266,0.084752663,16.5,220.6,0.47166228,0.004050216586603413,0.021069129084840175,2.9465000000000003,2.391
10120,0,79.0,16.0,1,29.0,1,0.58798176,1,0.411,0.08226345,26.8,59.76,0.5092133,0.004167632869744852,0.02927421783736581,3.0469999999999997,4.853
10195,1,88.0,20.0,1,30.0,1,0.5456774,1,0.653,0.0684,26.4,202.2,0.8213864,0.004939910613460585,0.022609362248629562,2.9225000000000003,0.342
10282,0,85.0,13.0,1,29.0,0,0.53461695,1,0.318,0.0811,16.1,232.1,0.8030706,0.0052306196242457095,0.04837628776011879,2.099,11.163
10287,1,65.0,16.0,0,26.0,1,0.56055194,1,0.352,0.0795519,23.0,192.95,0.54450905,0.005267829003092446,0.013386875492503034,3.1500000000000004,0.437
10289,1,76.0,20.0,1,25.0,1,0.60455245,1,0.724,0.0696,18.2,385.8,0.79205537,0.003643875557817804,0.03354483002047277,2.795,3.259
10314,0,74.0,20.0,1,27.0,1,0.67180806,1,0.744,0.0782,15.4,225.4,0.5284749,0.004041499283820472,0.032766716133019735,2.6545,0.544
10328,1,69.0,18.0,1,26.0,2,0.5760177,1,0.567,0.069,34.6,248.8,0.84332967,0.004909507201820244,0.03836862188241245,3.1085000000000003,25.852
10372,1,71.0,16.0,0,24.0,1,0.52596307,1,0.634,0.0786,12.8,94.6,0.8353559,0.003784085224693498,0.021242038335116235,2.5245,3.912
10426,1,84.0,16.0,0,24.0,0,0.5729014,1,0.094,0.086561198,23.0,192.95,0.50661534,0.004646916576711218,0.04186143702549198,2.7695,9.998
10432,1,73.0,20.0,0,24.0,2,0.5360372,1,0.677,0.079169081,23.0,192.95,0.6615052,0.0038379789865658894,0.03976049173797545,2.957,0.535
10437,1,69.0,18.0,0,24.0,1,0.52405024,1,1.009,0.0719,21.3,194.7,0.67368156,0.0044664340285227025,0.028210908320995542,2.559,3.304
10821,0,71.0,16.0,0,27.0,1,0.6951765,1,0.609,0.079155065,23.0,192.95,0.52177274,0.005335044421936001,0.024542377928480134,2.7505,1.95
