RID,label,AGE,PTEDUCAT,PTGENDER,MMSCORE,APOE4,stage1_prob,escalated,pT217_F,AB42_AB40_F,NfL_Q,GFAP_Q,prob,HIPPO_NORM,VENTRICLE_NORM,CORTICAL_THICKNESS_AVG,TOTAL_WMH,CENTILOIDS,AMYLOID_STATUS,MICROHEM_COUNT_SIMULATED,eligible_amyloid,aria_risk_flag,eligibility_shortlist
69,1,73.0,16.0,0,28.0,0,0.5592675,1,0.367,0.0612,27.3,158.7,0.58789045,0.0049297756177406,0.0189367995719146,3.246,12.4512,-9.0,0.0,2,False,False,False
101,1,74.0,18.0,0,27.0,2,0.6963323,1,0.754,0.073,23.9,244.4,0.69203055,0.0039074629953262,0.0360250440074901,3.1015,4.686,81.0,1.0,5,True,True,False
142,1,80.0,14.0,0,29.0,1,0.64487386,1,0.358,0.0774,42.7,348.5,0.95542145,0.0043768521213159,0.0274153491838925,3.8415,4.686,108.0,1.0,5,True,True,False
166,1,73.0,18.0,1,30.0,1,0.54103124,1,0.449,0.0831,15.9,192.6,0.6366562,0.0040749930735558,0.0314001348039419,3.0345,4.686,146.0,1.0,6,True,True,False
214,1,65.0,18.0,0,27.0,2,0.63071984,1,0.499,0.066624365,18.8,93.98,0.80284685,0.0044244338184743,0.0164595034517707,2.8295000000000003,4.686,185.0,1.0,5,True,True,False
229,1,75.0,16.0,1,30.0,1,0.54572034,1,0.134,0.0733,21.5,116.6,0.9086449,0.0052923632801268,0.0092970643088929,3.1485,4.686,44.0,1.0,3,True,False,True
230,1,80.0,20.0,0,29.0,0,0.53317475,1,0.369,0.0754,37.6,195.8,0.7617964,0.0036366313303811,0.0233467960589105,2.3595,4.686,21.0,1.0,4,True,False,True
232,1,78.0,20.0,0,29.0,0,0.53317475,1,0.194,0.0917,33.4,78.46,0.91382974,0.0042419560931953,0.025431525413676,3.525,4.686,13.0,0.0,3,False,False,False
269,1,67.0,16.0,0,28.0,1,0.63631,1,0.699,0.063694894,22.8,281.4,0.665113,0.0038408188918741,0.0279670750571972,2.9045,4.686,61.0,1.0,2,True,False,True
337,1,76.0,20.0,0,30.0,1,0.6129583,1,0.263,0.094774633,49.9,362.8,0.7843872,0.0041221663509628,0.0532334888170787,3.21,0.535283,-25.0,0.0,3,False,False,False
376,1,71.0,15.0,0,28.0,0,0.5723608,1,0.296,0.084499111,26.5,77.79,0.8512325,0.0043632336923334,0.0377829736618612,3.447,4.686,-22.0,0.0,0,False,False,False
378,1,69.0,16.0,1,28.0,1,0.6174946,1,0.194,0.089026748,7.31,54.95,0.8391617,0.0041468333966948,0.02498405761547,3.136,4.686,62.0,1.0,3,True,False,True
408,1,82.0,20.0,0,24.0,0,0.57102346,1,0.191,0.102654139,32.3,175.3,0.8196975,0.0038573476172592,0.0457872566609073,1.9255,4.686,-17.0,0.0,2,False,False,False
448,1,86.0,17.0,0,26.0,0,0.63491684,1,0.065,0.087973209,25.1,510.7,0.89805704,0.0032502067829108,0.0372916829135835,3.3520000000000003,4.686,-22.0,0.0,0,False,False,False
454,1,82.0,13.0,1,29.0,0,0.53461695,1,0.133,0.089,27.5,161.2,0.9157102,0.0048065016551186,0.0229667874391652,3.071,12.7116,53.0,1.0,1,True,False,True
555,1,77.0,16.0,0,28.0,1,0.6979518,1,0.285,0.079,25.3,325.1,0.88223684,0.0045965278778847,0.040181399526447,3.5205,16.3476,68.0,1.0,3,True,False,True
572,1,79.0,14.0,0,26.0,2,0.6332071,1,1.051,0.0783,38.2,211.4,0.76209706,0.0034106074591004,0.0430986225077013,3.3525,4.686,153.0,1.0,5,True,True,False
626,1,83.0,16.0,0,25.0,0,0.6093011,1,0.923,0.0732,92.4,592.2,0.6631726,0.0038935043398696,0.017583197494136,2.8765,3.45598,76.0,1.0,3,True,False,True
680,1,78.0,8.0,0,28.0,0,0.59441036,1,0.061,0.1119,14.0,119.7,0.79154396,0.0045159834095481,0.0220014865112394,3.2725,1.421,-18.0,0.0,0,False,False,False
702,1,85.0,16.0,0,27.0,1,0.6979518,1,0.381,0.07742005,38.0,205.2,0.7321941,0.0040220185303763,0.0548523675013168,2.2415000000000003,4.686,113.0,1.0,3,True,False,True
778,1,72.0,13.0,0,28.0,1,0.6980236,1,0.232,0.0778,26.8,304.1,0.7466779,0.0045478662210326,0.0183790314388506,3.4885,7.87693,56.0,1.0,5,True,True,False
830,1,71.0,16.0,0,29.0,1,0.64178276,1,0.335,0.0755775,23.5,260.1,0.5689953,0.0039513190887374,0.0201757648129207,2.113,4.686,47.0,1.0,3,True,False,True
842,1,73.0,18.0,0,28.0,1,0.6963323,1,0.4,0.0501,27.0,220.9,0.67183214,0.0045886106646807,0.0219470291089418,3.2855,4.686,92.0,1.0,4,True,False,True
914,1,75.0,12.0,0,30.0,1,0.61485726,1,0.241,0.079598796,20.9,176.6,0.6634348,0.0037700258856953,0.020756181595349,2.635,61.0202,47.0,1.0,2,True,False,True
920,1,80.0,12.0,1,30.0,1,0.5458048,1,0.273,0.0556,28.6,238.9,0.84757787,0.004176545980912,0.0303566733570276,3.1835,4.686,41.0,1.0,3,True,False,True
972,1,78.0,16.0,0,30.0,1,0.61477655,1,0.208,0.0849,27.7,206.6,0.67979944,0.0052585634083139,0.0141365820191718,3.1795,5.64,68.0,1.0,4,True,False,True
984,1,76.0,14.0,0,30.0,1,0.61485726,1,0.412,0.0664,21.3,256.2,0.69089836,0.0044271638680602,0.0412166711572509,3.0935,4.686,13.0,0.0,2,False,False,False
985,1,81.0,14.0,0,30.0,1,0.61485726,1,0.202,0.090163638,27.9,130.4,0.9161998,0.0043960882547664,0.029090052486197,3.3875,4.686,63.0,1.0,5,True,True,False
1063,1,78.0,19.0,1,29.0,1,0.58339584,1,0.227,0.0859,19.0,266.6,0.7073263,0.0045397792918309,0.0257347242632703,3.0205,4.686,63.0,1.0,3,True,False,True
1098,1,72.0,15.0,1,29.0,1,0.60397583,1,0.195,0.0615,13.8,113.5,0.6105213,0.0052864279404503,0.0121297384468502,3.568,2.182,106.0,1.0,4,True,False,True
1116,1,83.0,18.0,0,27.0,2,0.6963323,1,0.391,0.074291206,37.5,186.4,0.7579779,0.0035817700880188,0.0390710098588844,2.392,4.686,56.0,1.0,5,True,True,False
1123,1,76.0,16.0,1,30.0,1,0.54572034,1,0.281,0.0814,16.4,189.5,0.64324945,0.0052319549795867,0.012811597403708,2.9295,4.686,141.0,1.0,7,True,True,False
4058,1,85.0,16.0,1,29.0,1,0.5925106,1,2.432,0.083914172,42.8,379.3,0.85665697,0.0052062936712717,0.021279283826347,2.6790000000000003,4.6848,71.0,1.0,5,True,True,False
4071,1,85.0,13.0,0,24.0,0,0.5729848,1,0.092,0.0736,19.2,186.2,0.91289264,0.0032397459052436,0.039498427442304,3.213,73.5024,53.0,1.0,2,True,False,True
4081,1,73.0,15.0,1,28.0,1,0.6600195,1,0.748,0.078847442,23.0,192.95,0.69787747,0.0055254543106399,0.0239362705987486,3.4695,4.38157,97.0,1.0,5,True,True,False
4092,1,82.0,14.0,1,29.0,0,0.53461695,1,0.644,0.0701,35.2,317.2,0.598661,0.0048291695596062,0.0294288394779212,3.168,13.3083,49.0,1.0,1,True,False,True
4100,1,79.0,12.0,1,28.0,0,0.5473094,1,0.216,0.0814,26.6,197.6,0.79833055,0.0049767653483283,0.0387866412491215,3.2155,56.022,65.0,1.0,3,True,False,True
4121,1,89.0,16.0,0,27.0,0,0.63491684,1,0.183,0.0925,14.8,86.1,0.5445953,0.0058141565547996,0.030809031947762,3.0545,4.0511,-12.0,0.0,0,False,False,False
4131,1,82.0,18.0,0,24.0,1,0.5360372,1,0.695,0.0851,51.8,230.4,0.68393564,0.0037685530672491,0.025545533039903,2.6710000000000003,79.878,99.0,1.0,3,True,False,True
4138,1,88.0,14.0,1,26.0,0,0.6267582,1,0.119,0.1073,28.3,135.3,0.90629673,0.0038783223903046,0.0301632209305133,1.9445,27.5052,1.0,0.0,3,False,False,False
4149,1,73.0,14.0,0,24.0,1,0.5380291,1,0.619,0.0757,34.5,239.2,0.6915812,0.0048019610712205,0.0218269276104731,3.356,15.3213,28.0,1.0,4,True,False,True
4162,1,71.0,16.0,1,26.0,2,0.58062637,1,0.892,0.0792,32.9,370.4,0.806397,0.0049474533733779,0.0295768173485289,3.119,2.98046,88.0,1.0,5,True,True,False
4218,1,81.0,16.0,0,29.0,0,0.5350835,1,0.213,0.1092,20.7,230.0,0.71783304,0.0046171152756679,0.038394788489816,3.378,4.8756,-8.0,0.0,2,False,False,False
4240,1,71.0,20.0,0,28.0,2,0.6935486,1,0.501,0.079041119,23.4,210.0,0.6199788,0.0038601768056975,0.0245667092427642,2.613,10.1024,113.0,1.0,5,True,True,False
4243,1,79.0,18.0,0,27.0,0,0.5924775,1,0.637,0.0773,42.5,285.2,0.62658554,0.003565493408554,0.038856067986507,2.2045000000000003,25.4634,97.0,1.0,1,True,False,True
4254,1,86.0,12.0,1,26.0,0,0.6267582,1,0.152,0.0884,27.9,247.2,0.8373558,0.0035121087211878,0.0157800558595354,2.5765,16.7317,4.0,0.0,2,False,False,False
4270,1,74.0,16.0,1,28.0,1,0.6449583,1,0.316,0.0938,15.6,97.4,0.7411783,0.0043330738688172,0.0237658111101065,3.49,3.75757,128.0,1.0,4,True,False,True
4278,1,75.0,14.0,0,27.0,1,0.6980236,1,0.19,0.0848,14.2,126.2,0.8651666,0.0038139713925047,0.0369217153076104,3.231,6.1488,85.0,1.0,5,True,True,False
4279,0,83.0,16.0,0,30.0,0,0.5456824,1,0.101,0.1065,31.9,138.6,0.69808114,0.0055679761600774,0.032483251996646,3.018,6.30996,8.0,0.0,3,False,False,False
4290,1,73.0,20.0,0,29.0,1,0.643037,1,0.225,0.0856,27.6,196.1,0.8045857,0.0041830284177338,0.0302879697222668,3.211,110.409,20.0,1.0,1,True,False,True
4324,1,63.0,14.0,1,27.0,1,0.5813855,1,0.743,0.0709,23.1,427.0,0.90032333,0.0046255500758954,0.0385142819989102,3.133,4.668,95.0,1.0,3,True,False,True
4337,1,72.0,12.0,0,26.0,0,0.5593515,1,0.104,0.104,23.7,163.0,0.89288753,0.0055637886433831,0.0344431677952401,3.4965,5.01899,-2.0,0.0,1,False,False,False
4365,1,80.0,20.0,0,29.0,0,0.53317475,1,0.141,0.0805,17.1,66.76,0.81053096,0.0048230842562619,0.0364751372911274,3.357,7.27087,39.0,1.0,1,True,False,True
4366,1,73.0,16.0,0,26.0,1,0.633128,1,0.68,0.094497459,32.2,211.0,0.6848956,0.003636736866743,0.0490222145174661,2.8665000000000003,8.27066,110.0,1.0,5,True,True,False
4415,1,75.0,13.0,1,28.0,2,0.6450364,1,1.12,0.0751,27.8,484.1,0.6780426,0.0047389261824974,0.0092797846839218,2.93,5.6796,148.0,1.0,7,True,True,False
4430,1,80.0,15.0,0,24.0,0,0.5470227,1,0.881,0.0724,112.0,735.1,0.77232826,0.003475983353823,0.0347743610484287,2.2055,4.9644,69.0,1.0,4,True,False,True
4474,1,86.0,18.0,0,28.0,0,0.633137,1,0.551,0.07066872,28.3,388.2,0.7762766,0.0039598370636015,0.0424101877105901,2.8825,9.054,61.0,1.0,2,True,False,True
4499,1,84.0,20.0,0,28.0,0,0.633137,1,0.123,0.1131,22.9,81.5,0.7242641,0.005550982026923,0.0219449333720195,3.367,13.8081,-11.0,0.0,2,False,False,False
4566,1,84.0,12.0,1,29.0,1,0.59259284,1,0.133,0.0868,16.8,321.4,0.93920386,0.0051519873085809,0.0187206017306627,3.1790000000000003,5.166,31.0,1.0,5,True,True,False
4577,1,85.0,20.0,0,29.0,2,0.643037,1,0.29,0.0838,21.9,264.5,0.6890238,0.0044114531294756,0.021402518693847,2.5115,6.0216,36.0,1.0,7,True,True,False
4579,1,85.0,12.0,0,30.0,0,0.54576683,1,0.227,0.0855,28.5,149.5,0.51867366,0.0048260617409991,0.0270649984556605,3.1255,2.2224,-24.0,0.0,1,False,False,False
4631,1,70.0,20.0,0,28.0,0,0.54501086,1,0.902,0.077,19.9,255.6,0.59753203,0.0053142721395943,0.0181596021863501,3.385,0.408,87.0,1.0,2,True,False,True
4675,1,80.0,12.0,0,25.0,1,0.6075456,1,0.534,0.079844477,35.8,223.0,0.6329051,0.0048303561091576,0.0350922374520486,2.6895,25.6161,128.0,1.0,4,True,False,True
4713,1,71.0,20.0,0,30.0,1,0.6098386,1,0.279,0.068979417,21.6,389.2,0.8163754,0.00585495428152,0.0161217725521584,3.3595,5.4492,39.0,1.0,2,True,False,True
4765,1,76.0,16.0,0,26.0,1,0.633128,1,0.274,0.076028305,27.0,98.83,0.8308983,0.0044575183211867,0.0136449191338886,3.1015,6.86257,76.0,1.0,5,True,True,False
4782,1,72.0,16.0,0,28.0,2,0.6979518,1,0.361,0.0685,23.0,192.95,0.82739156,0.0044105817357031,0.0267110181568375,3.403,4.77,19.0,0.0,6,False,True,False
4855,1,84.0,14.0,0,27.0,1,0.6980236,1,0.146,0.0784,32.5,148.9,0.93459004,0.0049686684234883,0.0251469205552327,3.286,19.6956,47.0,1.0,4,True,False,True
4876,0,74.0,20.0,0,30.0,1,0.6129583,1,0.218,0.0745,27.8,179.1,0.6472078,0.0039619542637639,0.0266505082787742,2.939,34.5876,-7.0,0.0,4,False,False,False
4936,1,78.0,19.0,0,27.0,0,0.5924775,1,0.134,0.080413691,14.3,67.74,0.5100397,0.0054063812583266,0.0225330304858297,3.388,21.82,95.0,1.0,3,True,False,True
5096,1,81.0,20.0,0,28.0,1,0.6963323,1,0.238,0.0834,19.7,143.5,0.6904987,0.0044237744447908,0.0306445603018039,3.284,2.796,76.0,1.0,4,True,False,True
5109,1,79.0,14.0,0,27.0,0,0.59441036,1,0.454,0.069211962,70.6,490.7,0.63252693,0.0029807640403154,0.0220699481801638,3.637,12.4281,78.0,1.0,3,True,False,True
5178,1,69.0,18.0,0,27.0,0,0.54501086,1,0.278,0.0688,25.5,166.5,0.5122065,0.0050355430812025,0.0147567449567399,3.4135,1.0356,3.0,0.0,3,False,False,False
5207,1,75.0,14.0,0,28.0,0,0.5593515,1,0.073,0.0923,17.1,71.4,0.879076,0.0049558855026567,0.0286887900025511,3.0395,6.61947,0.0,0.0,1,False,False,False
5219,1,76.0,16.0,0,24.0,1,0.5379444,1,0.169,0.0911,11.3,68.7,0.80533487,0.0048065602309433,0.0092595221825945,3.259,6.52656,3.0,0.0,5,False,True,False
5227,1,71.0,18.0,0,30.0,1,0.6098386,1,0.362,0.0714,17.4,225.3,0.55735666,0.0052908233225703,0.0207097271122578,3.5620000000000003,6.3264,15.0,0.0,0,False,False,False
5237,1,79.0,19.0,0,29.0,1,0.643037,1,0.357,0.0812,28.2,155.6,0.5999737,0.0048910303118773,0.023453933316618,2.889,7.00061,115.0,1.0,6,True,True,False
5253,1,68.0,18.0,0,30.0,1,0.531953,1,0.042,0.0973,9.7,61.4,0.55368406,0.0053096158336615,0.0153500290748044,3.112,2.0604,14.0,0.0,3,False,False,False
5273,1,90.0,20.0,0,30.0,0,0.5437801,1,0.229,0.0725,24.2,107.6,0.5641781,0.004498816705079,0.036805391454794,3.2935,1.0612,41.0,1.0,3,True,False,True
5282,1,67.0,17.0,0,29.0,1,0.5788517,1,0.327,0.0794,22.2,195.5,0.7459462,0.0056143177325147,0.0275858342159272,3.443,4.5564,67.0,1.0,3,True,False,True
5294,1,68.0,18.0,0,30.0,1,0.531953,1,0.09,0.0925,12.7,88.7,0.6643966,0.0066274939090105,0.0158487846687542,3.415,1.40825,19.0,1.0,0,True,False,True
6007,1,77.0,19.0,1,29.0,2,0.58339584,1,0.224,0.0764,21.1,186.0,0.8190683,0.0050177866155499,0.0154090896886039,3.255,10.6347,34.0,1.0,5,True,True,False
6009,1,68.0,16.0,0,29.0,1,0.5788517,1,0.111,0.0857,12.2,100.8,0.72467315,0.0059470697719642,0.01698162817005,3.377,0.933052,3.0,0.0,3,False,False,False
6034,1,64.0,14.0,1,27.0,1,0.5813855,1,0.564,0.0749,24.0,162.0,0.74521244,0.004507795596421,0.0129177321505531,2.906,0.351,41.0,1.0,4,True,False,True
6068,1,76.0,12.0,0,27.0,1,0.6980236,1,0.231,0.0814,15.8,128.0,0.5947311,0.0047115740250351,0.0199055584506856,2.7785,4.06859,81.0,1.0,3,True,False,True
6211,0,81.0,14.0,0,27.0,0,0.59441036,1,0.141,0.1059,25.2,148.5,0.945292,0.0041516275541091,0.0194255404015849,3.301,6.517,1.0,0.0,1,False,False,False
6222,1,74.0,12.0,1,28.0,1,0.6450364,1,0.366,0.0728,35.3,330.5,0.8335185,0.0051231179817113,0.0262842548210418,3.447,8.159,70.0,1.0,3,True,False,True
6236,1,83.0,18.0,0,28.0,0,0.633137,1,0.172,0.0756,16.2,86.9,0.7106457,0.0033925133839162,0.0292281636484606,2.309,0.153,2.0,0.0,3,False,False,False
6241,1,72.0,20.0,1,26.0,0,0.5412039,1,0.681,0.0803,31.8,401.0,0.8604409,0.0048139601322038,0.0386378137042437,3.101,5.02579,72.0,1.0,2,True,False,True
6252,1,75.0,18.0,1,27.0,1,0.67180806,1,1.342,0.0841,31.9,332.1,0.70383835,0.0046495016142304,0.0306336413285793,3.0975,2.652,140.0,1.0,4,True,False,True
6254,1,69.0,14.0,0,28.0,2,0.6952487,1,0.119,0.0842,10.5,57.6,0.5243554,0.0059345649937128,0.0177346816394551,3.1615,2.097,45.0,1.0,5,True,True,False
6279,1,89.0,20.0,0,26.0,0,0.633137,1,0.241,0.0952,33.2,249.8,0.71131855,0.0039040921596737,0.0387004140203029,2.5725,11.054,28.0,1.0,3,True,False,True
6312,1,80.0,18.0,0,28.0,1,0.6963323,1,0.598,0.0807,32.9,446.1,0.8153115,0.0049446235940345,0.029607630236835,3.1875,18.4492,41.0,1.0,5,True,True,False
6330,1,70.0,16.0,0,28.0,1,0.6951765,1,0.922,0.0823,25.1,289.6,0.5326778,0.0061934506304733,0.0268436446837205,3.4995000000000003,4.26224,84.0,1.0,3,True,False,True
6333,1,78.0,16.0,0,30.0,1,0.61477655,1,0.319,0.0875,15.4,119.7,0.71921515,0.0046944813497401,0.036105607915469,3.132,6.648,93.0,1.0,4,True,False,True
6350,1,78.0,14.0,1,27.0,0,0.5813037,1,0.306,0.0984,9.8,126.0,0.6405137,0.0058046702596701,0.0177103550003129,3.3245,4.802,11.0,0.0,1,False,False,False
6352,1,72.0,20.0,0,30.0,1,0.6129583,1,0.136,0.0995,8.4,59.5,0.6933777,0.0048866512602906,0.0257668904470927,3.0675,0.154,1.0,0.0,1,False,False,False
6493,0,79.0,19.0,0,28.0,1,0.6963323,1,0.159,0.0728,17.8,75.6,0.82742625,0.0038734553226497,0.0279083372369147,3.5015,10.113,25.0,1.0,4,True,False,True
6516,0,76.0,15.0,0,26.0,0,0.57557166,1,0.097,0.1046,25.6,132.5,0.69019467,0.0050199862028701,0.0347814512296343,2.917,1.814,-8.0,0.0,2,False,False,False
6541,1,82.0,18.0,1,29.0,0,0.52982706,1,0.129,0.0814,27.2,181.3,0.9524462,0.0044884062468051,0.0583898328759648,3.335,7.281,14.0,0.0,2,False,False,False
6575,1,73.0,20.0,0,28.0,0,0.55737597,1,0.243,0.0783,19.5,145.3,0.83754754,0.0047807705619259,0.0309264427613366,3.292,8.949,65.0,1.0,2,True,False,True
6604,1,85.0,15.0,0,29.0,0,0.5935057,1,0.205,0.0802,20.5,157.0,0.8275139,0.0050382243063036,0.0263349986574974,3.119,9.57,69.0,1.0,1,True,False,True
6618,1,84.0,12.0,0,26.0,1,0.6332071,1,0.806,0.0914,26.7,222.9,0.52493054,0.0048447891124773,0.0434520651342557,2.9195,10.324,152.0,1.0,5,True,True,False
6634,1,80.0,16.0,1,28.0,0,0.547225,1,0.521,0.0706,28.6,217.9,0.5237478,0.0043179998383587,0.0309606269418445,2.8185,0.227,126.0,1.0,3,True,False,True
6640,1,83.0,20.0,0,27.0,0,0.633137,1,0.652,0.0757,55.5,540.6,0.8986477,0.0041969731069757,0.0393956222835338,3.005,4.761,77.0,1.0,2,True,False,True
6668,1,71.0,15.0,1,26.0,1,0.5967101,1,0.929,0.073,29.9,485.5,0.64767444,0.0043038946498706,0.034166419068784,3.2355,2.707,118.0,1.0,4,True,False,True
6693,1,75.0,16.0,0,25.0,2,0.6074643,1,0.44,0.0832,38.5,236.4,0.61679894,0.0044580468096196,0.0188346406251166,2.6515000000000004,11.321,144.0,1.0,7,True,True,False
6724,1,76.0,17.0,0,26.0,1,0.633128,1,0.85,0.0773,30.0,421.8,0.6601649,0.0047413728439562,0.0438282609694485,2.947,15.342,65.0,1.0,6,True,True,False
6731,1,67.0,20.0,1,27.0,1,0.5825625,1,0.474,0.0786,15.3,206.6,0.65874535,0.0052202609920731,0.0132921666807789,3.3265,0.04138,68.0,1.0,3,True,False,True
6770,1,84.0,19.0,1,29.0,0,0.52982706,1,0.543,0.0866,35.8,177.5,0.5692132,0.0046826040940165,0.0239473232514307,3.106,19.563,83.0,1.0,3,True,False,True
6777,1,72.0,20.0,0,26.0,1,0.63134444,1,0.417,0.0826,19.7,153.3,0.7068036,0.0042087640633073,0.0205507855202343,3.081,5.943,80.0,1.0,4,True,False,True
6800,1,87.0,19.0,1,29.0,0,0.52982706,1,0.382,0.0738,36.5,336.3,0.8423545,0.0036920197248049,0.0298952083626439,2.4995000000000003,6.84372,118.0,1.0,1,True,False,True
6832,0,78.0,18.0,0,27.0,0,0.5924775,1,0.283,0.0843,28.3,180.1,0.6715461,0.0041855662942463,0.0380092003760481,2.7705,13.439,83.0,1.0,3,True,False,True
6840,0,68.0,12.0,1,28.0,2,0.55335087,1,0.698,0.0718,16.2,188.2,0.72405696,0.0041008709321719,0.0314859899644124,2.4625,6.014,137.0,1.0,6,True,True,False
6844,1,77.0,19.0,1,29.0,1,0.58339584,1,1.062,0.077,36.8,278.8,0.5788006,0.0040128665368265,0.0241122098534592,2.579,4.559,109.0,1.0,7,True,True,False
6857,1,72.0,16.0,0,29.0,1,0.64479584,1,0.213,0.077010193,23.6,134.4,0.5772542,0.0056842889665574,0.0185818363376043,3.157,0.422084,1.0,0.0,2,False,False,False
6863,1,66.0,16.0,0,26.0,1,0.56055194,1,0.085,0.0922,20.9,159.3,0.9545856,0.0044423407573312,0.0352630381623746,2.8895,7.366,0.0,0.0,3,False,False,False
6887,1,73.0,14.0,1,26.0,0,0.54597723,1,0.72,0.0804,38.6,538.2,0.5833287,0.0041469940265065,0.0467458077749608,2.8775,2.067,92.0,1.0,2,True,False,True
6911,1,74.0,18.0,0,26.0,0,0.55737597,1,0.07,0.0905,50.0,185.2,0.9527214,0.003472940618402,0.0438239229422346,2.794,11.143,-4.0,0.0,0,False,False,False
6914,1,70.0,16.0,0,28.0,1,0.6951765,1,0.083,0.0987,13.6,99.2,0.7560622,0.0051726507050326,0.028506847414122,3.1895,1.76603,-4.0,0.0,4,False,False,False
6916,1,77.0,18.0,0,28.0,1,0.6963323,1,0.281,0.0748,25.4,154.5,0.6001734,0.0015678692240322,0.023335671549227,3.136,3.11,109.0,1.0,5,True,True,False
6969,1,69.0,16.0,0,30.0,1,0.5988573,1,0.369,0.0757,28.9,430.7,0.608429,0.0055202612572674,0.0476185364479341,2.9445,3.118,61.0,1.0,4,True,False,True
6988,1,83.0,14.0,1,29.0,2,0.59259284,1,0.144,0.0835,15.4,241.2,0.8481837,0.0052756234800739,0.0178114876284503,3.1055,9.177,7.0,0.0,4,False,True,False
7000,1,89.0,16.0,1,24.0,0,0.6111874,1,0.3,0.0804,68.3,728.8,0.83233696,0.004769167930629,0.054368225735261,2.5205,17.227,3.0,0.0,4,False,False,False
7013,1,82.0,12.0,1,28.0,1,0.64931214,1,0.402,0.0845,27.8,177.2,0.65125126,0.0044480803943456,0.0200376720548929,2.62,5.555,49.0,1.0,2,True,False,True
7015,0,77.0,17.0,0,28.0,1,0.6979518,1,0.137,0.0902,24.6,102.5,0.89645624,0.004212449794092,0.0425303061303907,2.8235,27.487,3.0,0.0,4,False,False,False
7024,1,74.0,20.0,0,28.0,0,0.55737597,1,0.156,0.0907,18.8,158.5,0.7264338,0.0045152160258263,0.0238973004625103,2.524,0.668,15.0,0.0,4,False,False,False
7032,1,76.0,16.0,0,27.0,0,0.5592675,1,0.807,0.0742,31.0,467.0,0.59180415,0.0036776654154165,0.0287626774654417,2.8575,5.218,96.0,1.0,1,True,False,True
7060,1,77.0,15.0,0,26.0,0,0.61023927,1,0.204,0.0834,208.0,227.0,0.86486244,0.0035508550227257,0.0420717034904486,1.767,10.961,0.0,0.0,1,False,False,False
7088,1,70.0,16.0,0,27.0,1,0.6951765,1,0.785,0.0794,15.5,142.6,0.6607341,0.0042070499214038,0.0312300479038747,2.807,0.505,108.0,1.0,4,True,False,True
7105,1,77.0,16.0,0,24.0,0,0.5305164,1,0.996,0.0733,24.9,333.6,0.62365204,0.0045320677156818,0.0396121845571437,3.1245000000000003,1.534,112.0,1.0,2,True,False,True
10004,0,79.0,16.0,1,29.0,1,0.58798176,1,0.4,0.094636986,14.7,110.2,0.58024704,0.0041748367491793,0.0453254643812476,2.379,0.495,127.0,1.0,3,True,False,True
10047,1,82.0,19.0,0,28.0,1,0.6963323,1,0.073,0.086801388,35.6,325.5,0.828435,0.0049940664490046,0.0424203645102247,3.0745,0.726,0.0,0.0,4,False,False,False
10120,0,79.0,16.0,1,29.0,1,0.58798176,1,0.411,0.08226345,26.8,59.76,0.5531901,0.0041676328697448,0.0292742178373658,3.047,4.853,120.0,1.0,3,True,False,True
10195,1,88.0,20.0,1,30.0,1,0.5456774,1,0.653,0.0684,26.4,202.2,0.5854658,0.0049399106134605,0.0226093622486295,2.9225000000000003,0.342,102.0,1.0,6,True,True,False
10287,1,65.0,16.0,0,26.0,1,0.56055194,1,0.352,0.0795519,23.0,192.95,0.67314833,0.0052678290030924,0.013386875492503,3.1500000000000004,0.437,123.0,1.0,2,True,False,True
10328,1,69.0,18.0,1,26.0,2,0.5760177,1,0.567,0.069,34.6,248.8,0.69202423,0.0049095072018202,0.0383686218824124,3.1085000000000003,25.852,99.0,1.0,7,True,True,False
10372,1,71.0,16.0,0,24.0,1,0.52596307,1,0.634,0.0786,12.8,94.6,0.5726169,0.0037840852246934,0.0212420383351162,2.5245,3.912,76.0,1.0,3,True,False,True
10426,1,84.0,16.0,0,24.0,0,0.5729014,1,0.094,0.086561198,23.0,192.95,0.92094177,0.0046469165767112,0.0418614370254919,2.7695,9.998,-2.0,0.0,2,False,False,False
10437,1,69.0,18.0,0,24.0,1,0.52405024,1,1.009,0.0719,21.3,194.7,0.6387714,0.0044664340285227,0.0282109083209955,2.559,3.304,87.0,1.0,4,True,False,True
